Date,AMZN,GOOGL,MSFT,AAPL,GOOG
2018-01-02,53890000,31766000,22483800,102223600,24752000
2018-01-03,62176000,31318000,26061400,118071600,28604000
2018-01-04,60442000,26052000,21912000,89738400,20092000
2018-01-05,70894000,30250000,23407100,94640000,25582000
2018-01-08,85590000,24644000,22113000,82271200,20952000
2018-01-09,73226000,26808000,19484300,86336000,18050000
2018-01-10,53720000,20734000,18652200,95839600,20856000
2018-01-11,62500000,22424000,17808900,74670800,19566000
2018-01-12,108874000,38586000,24271500,101672400,34410000
2018-01-16,144414000,36462000,36599700,118263600,31506000
2018-01-17,105076000,27830000,25621200,137547200,24052000
2018-01-18,80538000,27498000,24159700,124773600,23964000
2018-01-19,91570000,30552000,36875000,129700400,35564000
2018-01-22,82802000,29550000,23601600,108434400,32360000
2018-01-23,103386000,39138000,23412800,130756400,26662000
2018-01-24,136150000,37128000,33277500,204420400,28332000
2018-01-25,95060000,29984000,26383200,166116000,29610000
2018-01-26,97146000,42170000,29172200,156572000,40376000
2018-01-29,114038000,31494000,31569900,202561600,27578000
2018-01-30,117438000,37338000,38635100,184192800,31126000
2018-01-31,128494000,36022000,48756300,129915600,30774000
2018-02-01,182276000,73514000,47227900,188923200,48242000
2018-02-02,222514000,117842000,47867800,346375200,97158000
2018-02-05,229900000,83550000,51031500,290954000,75966000
2018-02-06,221336000,76630000,67998600,272975200,68960000
2018-02-07,143254000,51942000,41107600,206434400,47384000
2018-02-08,171572000,66792000,55628700,217562000,57182000
2018-02-09,282830000,98360000,63499100,282690400,70118000
2018-02-12,134778000,56240000,35720300,243278000,41154000
2018-02-13,118358000,31586000,26407700,130196800,25302000
2018-02-14,119184000,41304000,34960900,162579600,31116000
2018-02-15,113054000,37396000,27823900,204588800,36868000
2018-02-16,89452000,39948000,30596900,160704400,33590000
2018-02-20,129984000,33754000,30911700,135722000,28462000
2018-02-21,126088000,41486000,26922500,149886400,30258000
2018-02-22,97162000,28010000,24392800,123967600,26344000
2018-02-23,88362000,25292000,26329200,135249600,25220000
2018-02-26,99100000,30912000,30199800,152648800,31182000
2018-02-27,96176000,42964000,25869100,155712400,35482000
2018-02-28,90300000,49292000,31167300,151128400,37652000
2018-03-01,136704000,55338000,37135600,195208000,50318000
2018-03-02,131752000,50162000,32830400,153816000,45432000
2018-03-05,104678000,28648000,23901600,113605600,24044000
2018-03-06,91234000,23382000,22175800,95154000,30656000
2018-03-07,83482000,30748000,26716100,126814000,25850000
2018-03-08,77252000,33862000,25887800,95096400,27102000
2018-03-09,90686000,42662000,36937300,128740800,42560000
2018-03-12,103484000,44306000,26073700,128828400,43446000
2018-03-13,130638000,43140000,35387800,126774000,38144000
2018-03-14,85188000,41870000,32132000,117473600,25828000
2018-03-15,81394000,33382000,27611000,90975200,27908000
2018-03-16,108500000,58656000,49081300,157618800,61840000
2018-03-19,131616000,63656000,33344100,133787200,56118000
2018-03-20,91632000,54598000,23075200,78597600,36638000
2018-03-21,95016000,44898000,24457100,148219600,37578000
2018-03-22,126412000,69312000,38604700,165963200,53340000
2018-03-23,160120000,49880000,44068900,164115200,43134000
2018-03-26,112494000,65984000,56396800,150164800,53302000
2018-03-27,139992000,60816000,56569000,163690400,61906000
2018-03-28,274106000,77698000,52501100,166674000,67386000
2018-03-29,251622000,69338000,45867500,153594000,54536000
2018-04-02,209272000,65068000,48515400,150347200,53608000
2018-04-03,204624000,51322000,37213800,121112000,45502000
2018-04-04,139646000,50724000,35560000,138422000,49694000
2018-04-05,128270000,35836000,29771900,107732800,27260000
2018-04-06,117646000,40134000,38026000,140021200,34928000
2018-04-09,84164000,33220000,31533900,116070800,35032000
2018-04-10,85082000,36620000,26812000,113634400,39490000
2018-04-11,71650000,34060000,24872100,89726400,29678000
2018-04-12,62700000,32896000,26758900,91557200,27140000
2018-04-13,73706000,25410000,23346100,100497200,24460000
2018-04-16,56172000,29776000,20288100,86313600,24224000
2018-04-17,102288000,54584000,26771000,106421600,46406000
2018-04-18,104550000,31126000,21043300,83018000,26882000
2018-04-19,130474000,39884000,23552500,139235200,34954000
2018-04-20,110832000,42434000,31154400,261964400,37794000
2018-04-23,89308000,69590000,22331800,146062000,46826000
2018-04-24,149894000,128220000,34524800,134768000,95206000
2018-04-25,131746000,57860000,33729300,113528400,47822000
2018-04-26,176022000,50926000,42529000,111852000,41590000
2018-04-27,261064000,40746000,48272800,142623200,32396000
2018-04-30,109282000,34492000,41523600,169709600,33426000
2018-05-01,91442000,35326000,31408900,214277600,28558000
2018-05-02,87206000,34698000,27471000,266157600,32062000
2018-05-03,85038000,39282000,31142500,136272800,36302000
2018-05-04,68872000,36892000,22531300,224805200,38774000
2018-05-07,76038000,34400000,24242000,169805600,29322000
2018-05-08,61358000,26030000,23484600,113611200,24354000
2018-05-09,72746000,47160000,27327400,92844800,40656000
2018-05-10,56350000,36414000,22388100,111957200,28860000
2018-05-11,45278000,30504000,16778300,104848800,25074000
2018-05-14,50190000,39338000,19454100,83115200,30362000
2018-05-15,101550000,35738000,24594000,94780800,29898000
2018-05-16,51412000,25628000,17384700,76732400,21946000
2018-05-17,42952000,25738000,17246700,69176000,20876000
2018-05-18,52852000,35482000,17865800,73190800,31304000
2018-05-21,58504000,25180000,19422500,73603200,20464000
2018-05-22,42312000,22226000,15441200,60962800,21800000
2018-05-23,67238000,23740000,21251200,80233600,21214000
2018-05-24,68600000,20604000,26649300,92936000,15336000
2018-05-25,53968000,22224000,18363900,69844000,17988000
2018-05-29,76930000,36076000,28671000,90056400,37302000
2018-05-30,58148000,28686000,22158500,74762000,22770000
2018-05-31,63326000,79368000,34140900,109931200,61766000
2018-06-01,66268000,63202000,28655600,93770000,48432000
2018-06-04,63754000,44754000,27281600,105064800,37792000
2018-06-05,95644000,32964000,23514400,86264000,33560000
2018-06-06,109464000,34934000,21122900,83734400,33964000
2018-06-07,75314000,36108000,28232200,85388800,30400000
2018-06-08,59102000,27284000,22165100,106627200,25816000
2018-06-11,46710000,24796000,23490900,73234000,21586000
2018-06-12,45184000,26092000,18325200,67644400,18240000
2018-06-13,66550000,34302000,29492900,86553600,30128000
2018-06-14,63488000,35422000,25691800,86440400,26868000
2018-06-15,95552000,44438000,65738600,246876800,42450000
2018-06-18,62154000,33038000,23586000,73939600,28274000
2018-06-19,85802000,47282000,28653100,134314000,32420000
2018-06-20,86652000,51686000,26180800,82514800,32970000
2018-06-21,98822000,44966000,23198200,102847600,24762000
2018-06-22,81502000,34220000,38923100,108801600,26220000
2018-06-25,150224000,57682000,35433300,126652400,43146000
2018-06-26,87732000,34688000,26897200,98276800,31264000
2018-06-27,97444000,34538000,31298400,101141200,25878000
2018-06-28,90594000,29726000,26650700,69460800,21448000
2018-06-29,90870000,31562000,28053200,90950800,26302000
2018-07-02,63714000,23216000,19564500,70925200,24346000
2018-07-03,43546000,16448000,14670300,55819200,13580000
2018-07-05,59662000,28594000,18977400,66416800,21334000
2018-07-06,53006000,21820000,19234600,69940800,19922000
2018-07-09,60240000,21584000,18212000,79026400,18180000
2018-07-10,60058000,21334000,19293100,63756400,15968000
2018-07-11,64196000,33252000,19644600,75326000,22400000
2018-07-12,90654000,44148000,24335900,72164400,25038000
2018-07-13,87664000,32612000,24635200,50055600,24438000
2018-07-16,109324000,26784000,21786900,60172400,21114000
2018-07-17,113658000,40162000,25901700,62138000,32208000
2018-07-18,97238000,38948000,29493900,65573600,27872000
2018-07-19,93538000,38338000,40171600,81147200,25534000
2018-07-20,77688000,37938000,56004000,82704800,24948000
2018-07-23,77770000,65446000,29707000,63957600,52384000
2018-07-24,85574000,107600000,26316600,74791600,66364000
2018-07-25,74764000,51104000,30702100,66839600,42556000
2018-07-26,198488000,54686000,31372100,76304000,48112000
2018-07-27,193620000,48362000,37005300,96096000,42612000
2018-07-30,131246000,43896000,34668300,84118000,36998000
2018-07-31,114774000,39382000,27655200,157492000,32894000
2018-08-01,83062000,36994000,23628700,271742800,31344000
2018-08-02,87094000,34704000,26104300,249616000,30626000
2018-08-03,69210000,21264000,18659600,133789600,21792000
2018-08-06,67836000,22114000,20265900,101701600,21634000
2018-08-07,67550000,42506000,16080200,102349600,29880000
2018-08-08,79260000,34344000,15487500,90102000,27406000
2018-08-09,97208000,27326000,13677200,93970400,16972000
2018-08-10,72798000,26602000,18183700,98444800,22174000
2018-08-13,110630000,27500000,18472500,103563600,19946000
2018-08-14,79722000,28080000,16788300,82992000,26962000
2018-08-15,154014000,37052000,29982800,115230400,36576000
2018-08-16,79142000,32176000,21384300,114001600,26864000
2018-08-17,82086000,33092000,18061500,141708000,27792000
2018-08-20,57240000,22218000,17914200,121150800,17416000
2018-08-21,62112000,23082000,22881900,104639200,24112000
2018-08-22,61610000,22296000,18000600,76072400,17748000
2018-08-23,71260000,24666000,18167700,75532800,19852000
2018-08-24,56018000,24454000,17234000,73905600,18932000
2018-08-27,71380000,28580000,19662300,82100400,23126000
2018-08-28,62014000,27330000,19151500,91107200,26080000
2018-08-29,130636000,36926000,20818000,109019200,25978000
2018-08-30,145546000,30104000,22798700,195175200,26628000
2018-08-31,84088000,42308000,23222700,173360400,36328000
2018-09-04,114422000,41458000,22634600,109560400,36620000
2018-09-05,164412000,53988000,32872400,133332000,41226000
2018-09-06,149774000,46854000,23477600,137160000,37770000
2018-09-07,97852000,32658000,22498600,150479200,28026000
2018-09-10,90896000,27670000,20727900,158066000,22308000
2018-09-11,100672000,29254000,24301800,142996000,24186000
2018-09-12,88280000,35716000,18891100,197114800,25910000
2018-09-13,72430000,40068000,26055600,166825600,28624000
2018-09-14,72840000,24176000,19122300,127997200,18880000
2018-09-17,141004000,34096000,20736500,148780400,26130000
2018-09-18,85374000,32314000,22170900,126286800,24072000
2018-09-19,81136000,25962000,21728400,108495200,23828000
2018-09-20,63098000,29244000,23714500,106435200,24508000
2018-09-21,137118000,91222000,71229700,384986800,88112000
2018-09-24,84274000,31150000,27334500,110773600,25420000
2018-09-25,90768000,33152000,22668000,98217600,19554000
2018-09-26,86270000,37650000,19352000,95938800,29246000
2018-09-27,86588000,36274000,19091300,120724800,25216000
2018-09-28,81702000,35612000,21647800,91717600,27612000
2018-10-01,69210000,33164000,18883100,94403200,27152000
2018-10-02,108014000,40180000,20787200,99152800,33758000
2018-10-03,105062000,26246000,16648000,114619200,25124000
2018-10-04,145140000,46576000,34821700,128168000,44190000
2018-10-05,136446000,31852000,29068900,134322000,23686000
2018-10-08,147864000,46190000,29640600,118655600,38648000
2018-10-09,95458000,33690000,26198600,107564000,26174000
2018-10-10,219778000,58980000,61376300,167962400,53514000
2018-10-11,278718000,67696000,63904300,212497600,58980000
2018-10-12,188892000,49370000,47742100,161351600,42026000
2018-10-15,128744000,30074000,32068100,123164000,27448000
2018-10-16,117198000,38378000,31610200,116736000,38570000
2018-10-17,105904000,35652000,26548200,91541600,29344000
2018-10-18,117480000,46152000,32506200,130325200,41890000
2018-10-19,118144000,41286000,32785500,132314800,25352000
2018-10-22,90000000,27116000,26545600,115168400,30284000
2018-10-23,134478000,37686000,43770400,155071200,36974000
2018-10-24,138568000,49286000,63897800,163702000,39648000
2018-10-25,205714000,72956000,61646800,119423200,50916000
2018-10-26,299276000,106438000,55523100,189033600,83752000
2018-10-29,277322000,81290000,55162000,183742000,77614000
2018-10-30,249202000,59768000,65350900,146640000,64254000
2018-10-31,187804000,70916000,51062400,153435600,50596000
2018-11-01,162710000,40132000,33384200,233292800,29640000
2018-11-02,139110000,43438000,37680200,365314800,36780000
2018-11-05,112494000,45358000,27922100,264654800,48828000
2018-11-06,85148000,28660000,24340200,127531600,24666000
2018-11-07,163844000,43388000,37901700,133697600,41168000
2018-11-08,130698000,33694000,25644100,101450400,29764000
2018-11-09,118044000,34860000,32039200,137463200,26864000
2018-11-12,136124000,34002000,33621800,204542000,29436000
2018-11-13,118666000,25750000,35374600,187531600,30274000
2018-11-14,129738000,34666000,39495100,243204000,31318000
2018-11-15,168546000,41584000,38505200,185915200,36722000
2018-11-16,121322000,35366000,33502100,147713200,33162000
2018-11-19,155800000,45684000,44773900,167701200,37172000
2018-11-20,217576000,54458000,64052500,271300800,48982000
2018-11-21,114336000,29698000,28130600,124496800,30686000
2018-11-23,54152000,14178000,13823100,94496000,13830000
2018-11-26,125154000,31558000,32336200,179994000,38856000
2018-11-27,115664000,33048000,29124500,165549600,36064000
2018-11-28,169174000,46042000,46788500,184250000,49508000
2018-11-29,132264000,31004000,28123200,167080000,29378000
2018-11-30,115236000,59668000,33665600,158126000,51604000
2018-12-03,137246000,57532000,34732800,163210000,39824000
2018-12-04,173890000,45630000,45197000,165377200,46904000
2018-12-06,175788000,47436000,49107400,172393600,55384000
2018-12-07,151522000,42682000,45044900,169126400,42024000
2018-12-10,149896000,33652000,40801500,248104000,36154000
2018-12-11,124894000,33852000,42381900,189126800,27894000
2018-12-12,131960000,28960000,36183000,142510800,30476000
2018-12-13,105426000,24986000,31333400,127594400,26596000
2018-12-14,127344000,36358000,47043100,162814800,33732000
2018-12-17,176596000,49932000,56957300,177151600,47708000
2018-12-18,130460000,43640000,49319200,135366000,43850000
2018-12-19,175844000,58264000,68198200,196189200,49586000
2018-12-20,199836000,53674000,70334200,259092000,53470000
2018-12-21,272806000,104656000,111242100,382978400,91920000
2018-12-24,144400000,36360000,43935200,148676800,31806000
2018-12-26,208236000,46318000,51634800,234330000,47466000
2018-12-27,194440000,45996000,49498500,212468400,42196000
2018-12-28,176580000,34398000,38196300,169165600,28296000
2018-12-31,139090000,33110000,33173800,140014000,29866000
2019-01-02,159662000,31868000,35329300,148158800,30652000
2019-01-03,139512000,41960000,42579100,365248800,36822000
2019-01-04,183652000,46022000,44060600,234428400,41878000
2019-01-07,159864000,47446000,35656100,219111200,39638000
2019-01-08,177628000,35414000,31514400,164101200,35298000
2019-01-09,126976000,26998000,32280800,180396400,23986000
2019-01-10,130154000,26598000,30067600,143122800,29128000
2019-01-11,93724000,30864000,28314200,108092800,30416000
2019-01-14,120118000,28490000,28437100,129756800,22886000
2019-01-15,119970000,37518000,31587600,114843600,29272000
2019-01-16,127338000,38280000,29853900,122278800,26636000
2019-01-17,84178000,24896000,28393000,119284800,24854000
2019-01-18,120410000,44892000,37427600,135004000,39112000
2019-01-22,128336000,39632000,32371300,121576000,32270000
2019-01-23,104504000,25194000,25874300,92522400,19340000
2019-01-24,81798000,29114000,23164800,101766000,27226000
2019-01-25,98918000,23260000,31225600,134142000,22382000
2019-01-28,96754000,29334000,29476700,104768400,25686000
2019-01-29,92656000,19704000,31490500,166348800,20436000
2019-01-30,115676000,29452000,49471900,244439200,25596000
2019-01-31,218206000,40232000,55636400,162958400,30766000
2019-02-01,230124000,33116000,35535700,130672400,29244000
2019-02-04,98582000,78408000,31315100,125982000,51530000
2019-02-05,89062000,82296000,27325400,144406400,71044000
2019-02-06,78798000,48256000,20609800,112958400,42112000
2019-02-07,92532000,38298000,29760700,126966800,40896000
2019-02-08,113150000,21766000,21461100,95280000,21516000
2019-02-11,66346000,18498000,18914100,83973600,21304000
2019-02-12,97172000,35036000,25056600,89134000,32182000
2019-02-13,71206000,28042000,18394900,89960800,20996000
2019-02-14,82410000,21106000,21784700,87342800,18952000
2019-02-15,86878000,27826000,26606900,98507200,28996000
2019-02-19,73634000,21980000,18038500,75891200,20928000
2019-02-20,66752000,24090000,21607700,104457600,21756000
2019-02-21,69668000,33272000,29063200,68998800,28302000
2019-02-22,61924000,29436000,27763200,75652800,20990000
2019-02-25,63690000,26208000,23750600,87493600,28262000
2019-02-26,53316000,35026000,21536700,68280800,29426000
2019-02-27,62976000,22092000,21487100,111341600,19368000
2019-02-28,60518000,27422000,29083900,112861600,30850000
2019-03-01,99498000,34086000,23501200,103544800,29006000
2019-03-04,123348000,35490000,26608000,109744800,28920000
2019-03-05,73630000,40094000,19538300,78949600,28864000
2019-03-06,79920000,23602000,17687000,83241600,21986000
2019-03-07,99140000,30086000,25339000,99185600,23332000
2019-03-08,93340000,23694000,22818400,95997600,24248000
2019-03-11,77528000,30032000,26491600,128044000,34384000
2019-03-12,72290000,42220000,26132700,129870400,40262000
2019-03-13,71040000,25888000,35513800,124130000,28718000
2019-03-14,58932000,27302000,30763400,94318000,23456000
2019-03-15,151018000,51886000,54681100,156171600,49236000
2019-03-18,108582000,24442000,31207600,104879200,25852000
2019-03-19,127284000,29788000,37588700,126585600,30414000
2019-03-20,125312000,41508000,28113300,124140800,44548000
2019-03-21,115356000,28150000,29854400,204136800,24080000
2019-03-22,127260000,34422000,33624500,169630800,34284000
2019-03-25,102076000,27576000,27067100,175381200,29936000
2019-03-26,97318000,30752000,26097700,199202000,38024000
2019-03-27,86496000,29428000,22733400,119393600,28004000
2019-03-28,60860000,22402000,18334800,83121600,19234000
2019-03-29,66416000,30890000,25399800,94256000,25398000
2019-04-01,84776000,27706000,22789100,111448000,25050000
2019-04-02,68962000,18288000,18142300,91062800,16558000
2019-04-03,78522000,22180000,22860700,93087200,20286000
2019-04-04,72478000,21022000,20112800,76457200,19000000
2019-04-05,72810000,20012000,15826200,74106400,18144000
2019-04-08,75056000,21750000,15116200,103526800,17204000
2019-04-09,74288000,19668000,17612000,143072800,17528000
2019-04-10,59280000,15510000,16477200,86781200,14492000
2019-04-11,53096000,16998000,14209100,83603200,14204000
2019-04-12,62288000,24312000,19745100,111042800,18668000
2019-04-15,74488000,23796000,15792600,70146400,23748000
2019-04-16,60892000,22622000,14071800,102785600,17126000
2019-04-17,57870000,30366000,19300900,115627200,24438000
2019-04-18,54998000,24750000,27991000,96783200,26636000
2019-04-22,67476000,19084000,15648700,77758000,16146000
2019-04-23,92808000,31868000,24025500,93292000,26398000
2019-04-24,73516000,23396000,31257000,70162400,20376000
2019-04-25,121982000,31344000,38033900,74172800,22146000
2019-04-26,168652000,27228000,23654900,74596400,24828000
2019-04-29,80426000,72368000,16324200,88818800,49988000
2019-04-30,70120000,133178000,24166500,186139600,124140000
2019-05-01,62340000,74340000,26821700,259309200,52784000
2019-05-02,79258000,45098000,27350200,127985200,38896000
2019-05-03,127632000,41588000,24911100,83569600,39614000
2019-05-06,108356000,31774000,24239800,129772400,31278000
2019-05-07,118042000,36604000,36017700,155054800,31028000
2019-05-08,81572000,25520000,28419000,105358000,26186000
2019-05-09,106166000,29556000,27235800,139634400,23714000
2019-05-10,114360000,31650000,30915100,164834800,26290000
2019-05-13,115668000,45626000,33944900,229722400,37212000
2019-05-14,92582000,40392000,25266300,146118800,36732000
2019-05-15,93852000,59302000,24722700,106178800,45786000
2019-05-16,94156000,35308000,30112200,132125600,30628000
2019-05-17,94732000,25362000,25770500,131516400,24172000
2019-05-20,75964000,30602000,23706900,154449200,27066000
2019-05-21,80102000,20562000,15293300,113459200,23196000
2019-05-22,58732000,18826000,15396500,118994400,18290000
2019-05-23,88486000,25214000,23603800,146118800,23978000
2019-05-24,67394000,18554000,14123400,94858800,22240000
2019-05-28,64000000,20948000,23128400,111792800,27300000
2019-05-29,85580000,36230000,22763100,113924800,30764000
2019-05-30,62938000,18088000,16829600,84873600,19038000
2019-05-31,92376000,31582000,26646800,108174400,30156000
2019-06-03,181974000,96890000,37983600,161584400,102612000
2019-06-04,113582000,60512000,29382600,123872000,56670000
2019-06-05,84796000,46988000,24926100,119093600,43368000
2019-06-06,73786000,29020000,21459000,90105200,34064000
2019-06-07,96164000,43828000,33885600,122737600,36048000
2019-06-10,107420000,28510000,26477100,104883600,29284000
2019-06-11,80854000,33508000,23913700,107731600,28734000
2019-06-12,53566000,23670000,17092500,73012800,21220000
2019-06-13,55916000,20814000,17200800,86698400,21154000
2019-06-14,57024000,24582000,17821700,75046000,22230000
2019-06-17,52686000,19770000,14517800,58676400,18832000
2019-06-18,77914000,34526000,25934500,106204000,27734000
2019-06-19,57906000,26714000,23744400,84496800,26776000
2019-06-20,64344000,24018000,33042600,86056000,25240000
2019-06-21,78672000,50774000,36727900,191202400,38952000
2019-06-24,45660000,24236000,20628800,72881600,27912000
2019-06-25,60246000,31644000,33327400,84281200,30938000
2019-06-26,48838000,34698000,23657700,104270000,36218000
2019-06-27,42834000,24078000,16557500,83598800,20086000
2019-06-28,60748000,33672000,30043000,124442400,33864000
2019-07-01,63842000,29196000,22613500,109012000,28726000
2019-07-02,52918000,20630000,15237800,67740800,19832000
2019-07-03,33806000,20154000,13629300,45448000,15340000
2019-07-05,52568000,29794000,18141100,69062000,25286000
2019-07-08,57668000,29888000,16779700,101354400,24728000
2019-07-09,86914000,29472000,19953100,82312000,26608000
2019-07-10,98638000,30710000,24204400,71588400,24190000
2019-07-11,86356000,26004000,22327900,80767200,23910000
2019-07-12,50186000,21878000,18936800,70380800,17280000
2019-07-15,59626000,21164000,16651500,67789600,18076000
2019-07-16,52364000,25352000,22726100,67467200,24776000
2019-07-17,51176000,19538000,20211000,56430000,23400000
2019-07-18,69738000,25450000,30381800,74162400,25814000
2019-07-19,63712000,23184000,48992400,83717200,32944000
2019-07-22,58000000,28914000,25074900,89111600,26030000
2019-07-23,54070000,20648000,18034600,73420800,21874000
2019-07-24,52626000,27192000,20738300,59966400,31796000
2019-07-25,82730000,54762000,18356900,55638400,44196000
2019-07-26,98542000,121216000,19037600,70475600,96116000
2019-07-29,89864000,41382000,16605900,86693600,44474000
2019-07-30,58218000,28616000,16846500,135742800,29066000
2019-07-31,89414000,39960000,38598800,277125600,34510000
2019-08-01,94266000,35426000,40557500,216071600,33970000
2019-08-02,99124000,34910000,30791600,163448400,32902000
2019-08-05,121164000,47840000,42749600,209572000,51950000
2019-08-06,101406000,36014000,32696700,143299200,34188000
2019-08-07,90538000,30686000,33414500,133457600,28886000
2019-08-08,74024000,30116000,27496500,108038000,29360000
2019-08-09,57596000,20418000,23466700,98478800,21314000
2019-08-12,58110000,22064000,20484300,89927600,20060000
2019-08-13,79880000,28434000,25154600,188874000,25888000
2019-08-14,97872000,35430000,32527300,146189600,31574000
2019-08-15,75182000,28506000,28074400,108909600,24374000
2019-08-16,60360000,24916000,24449100,110481600,26266000
2019-08-19,56326000,24450000,24355700,97654400,24632000
2019-08-20,38590000,20206000,21170800,107537200,18310000
2019-08-21,40636000,14152000,14970300,86141600,14814000
2019-08-22,53070000,17352000,18697000,89014800,18950000
2019-08-23,105416000,36254000,38508600,187272000,33740000
2019-08-26,61600000,21166000,20312600,104174400,24522000
2019-08-27,60394000,23460000,23102100,103493200,21544000
2019-08-28,48394000,16810000,17393300,63755200,16040000
2019-08-29,60302000,19636000,20168700,83962000,21768000
2019-08-30,61174000,18064000,23940100,84573600,22596000
2019-09-03,70860000,25908000,18869300,80092000,29598000
2019-09-04,46482000,21312000,17995900,76752400,21378000
2019-09-05,66216000,26394000,26101800,95654800,28162000
2019-09-06,49938000,18972000,20824500,77449200,21442000
2019-09-09,59990000,31854000,25773900,109237600,29438000
2019-09-10,52278000,27922000,28903400,127111600,25202000
2019-09-11,48656000,23522000,24726100,177158400,26140000
2019-09-12,56470000,31644000,27010000,128906800,34518000
2019-09-13,39426000,23676000,23363100,159053200,26028000
2019-09-16,73510000,28218000,16731400,84632400,21066000
2019-09-17,39648000,20806000,17814200,73274800,19102000
2019-09-18,50112000,17440000,23982100,101360000,22702000
2019-09-19,40630000,16554000,35772100,88242400,19920000
2019-09-20,106838000,37692000,39167300,221652400,45400000
2019-09-23,58446000,20798000,17139300,76662000,21248000
2019-09-24,92320000,35804000,29773200,124763200,31664000
2019-09-25,69864000,26798000,21382000,87613600,29060000
2019-09-26,70736000,23166000,17456600,75334000,30760000
2019-09-27,78144000,34122000,22477700,101408000,27078000
2019-09-30,52894000,24470000,17280900,103909600,28082000
2019-10-01,61690000,24504000,21466600,139223200,25470000
2019-10-02,66022000,33030000,30521700,138449200,32302000
2019-10-03,69364000,28368000,24132900,114426000,32424000
2019-10-04,49438000,24282000,22897700,138478800,23248000
2019-10-07,43094000,17040000,15303700,122306000,16858000
2019-10-08,50840000,20086000,25550500,111820000,20786000
2019-10-09,40870000,15948000,19749900,74770400,17354000
2019-10-10,51504000,12842000,17654600,113013600,16932000
2019-10-11,65100000,22330000,25446000,166795600,25454000
2019-10-14,38204000,13296000,13304300,96427600,17350000
2019-10-15,62234000,27584000,19695700,87360000,27634000
2019-10-16,55268000,22986000,20751600,73903200,21892000
2019-10-17,52948000,20958000,21460600,67585200,19048000
2019-10-18,67250000,31624000,32273500,97433600,27056000
2019-10-21,42608000,18094000,20078200,87247200,20544000
2019-10-22,42234000,22862000,27431000,82293600,20476000
2019-10-23,42764000,21282000,29844600,75828800,18230000
2019-10-24,88922000,20224000,37029300,69275200,20562000
2019-10-25,192528000,27104000,25959700,73477200,24262000
2019-10-28,74178000,65428000,35280100,96572800,52264000
2019-10-29,45538000,52654000,20589500,142839600,37728000
2019-10-30,48988000,29204000,18496600,124522000,28178000
2019-10-31,55624000,31904000,24605100,139162000,29114000
2019-11-01,55808000,28812000,33128400,151125200,33402000
2019-11-04,55438000,30632000,16912000,103272000,30020000
2019-11-05,37710000,25148000,18250200,79897600,25654000
2019-11-06,40596000,24626000,16575800,75864400,23060000
2019-11-07,53022000,45140000,17786700,94940400,40600000
2019-11-08,42466000,30392000,16732700,69986400,25028000
2019-11-11,38920000,17234000,14362600,81821200,20238000
2019-11-12,40752000,28852000,18641600,87388800,21718000
2019-11-13,59790000,20538000,16919200,102734400,16534000
2019-11-14,45296000,28948000,19729800,89182800,23870000
2019-11-15,78552000,39286000,23485700,100206400,35652000
2019-11-18,56790000,27984000,21534000,86703200,29748000
2019-11-19,45416000,21864000,23935700,76167200,25384000
2019-11-20,55800000,28892000,25696800,106234400,26172000
2019-11-21,53258000,25546000,18576100,121395200,19910000
2019-11-22,49582000,27776000,15901800,65325200,27714000
2019-11-25,69724000,23590000,22420900,84020400,20724000
2019-11-26,63624000,21910000,24620100,105207600,21394000
2019-11-27,60512000,18808000,15184400,65235600,19912000
2019-11-29,38468000,12802000,11977300,46617600,11740000
2019-12-02,78512000,26538000,27418400,94487200,30218000
2019-12-03,67618000,25270000,24066000,114430400,22876000
2019-12-04,53402000,35506000,17574700,67181600,30750000
2019-12-05,56476000,24408000,17869100,74424400,24254000
2019-12-06,62348000,32968000,16403500,106075600,26296000
2019-12-09,48856000,30842000,16687400,128042400,27086000
2019-12-10,50286000,17606000,16476100,90420400,21882000
2019-12-11,41952000,20480000,18856600,78756800,17008000
2019-12-12,61918000,29114000,24612100,137310400,25620000
2019-12-13,54914000,33170000,23845400,133587600,30992000
2019-12-16,62904000,28128000,24144200,128186000,27946000
2019-12-17,72888000,32948000,25425600,114158400,37080000
2019-12-18,67028000,23330000,24129200,116028400,30452000
2019-12-19,53056000,28922000,24958900,98369200,29398000
2019-12-20,103016000,50090000,53477500,275978000,66300000
2019-12-23,42728000,19936000,17718200,98572000,17662000
2019-12-24,17626000,13468000,8989200,48478800,6950000
2019-12-26,120108000,23662000,14520600,93121200,13350000
2019-12-27,123732000,23212000,18412800,146266000,20768000
2019-12-30,73494000,19994000,16348400,144114400,21018000
2019-12-31,50130000,19514000,18369400,100805600,19236000
2020-01-02,80580000,27278000,22622100,135480400,28132000
2020-01-03,75288000,23408000,21116200,146322800,23728000
2020-01-06,81236000,46768000,20813700,118387200,34646000
2020-01-07,80898000,34330000,21634100,108872000,30054000
2020-01-08,70160000,35314000,27746500,132079200,30560000
2020-01-09,63346000,33200000,21385000,170108400,30018000
2020-01-10,57074000,26258000,20725900,140644800,36414000
2020-01-13,55616000,30730000,21626500,121532000,33046000
2020-01-14,68818000,26076000,23477400,161954400,31178000
2020-01-15,57932000,21550000,21417900,121923600,25654000
2020-01-16,53190000,26080000,23865400,108829200,23474000
2020-01-17,79946000,52424000,34371700,137816400,47924000
2020-01-21,74156000,48930000,29517200,110843200,40734000
2020-01-22,64326000,28458000,24138800,101832400,32216000
2020-01-23,49692000,26650000,19680800,104472000,27024000
2020-01-24,75324000,29786000,24918100,146537600,35692000
2020-01-27,70570000,34132000,32078100,161940000,35104000
2020-01-28,56160000,29724000,24899900,162234000,31548000
2020-01-29,41760000,21566000,34754500,216229200,21554000
2020-01-30,126548000,27110000,51597500,126743200,26788000
2020-01-31,311346000,43822000,36142700,199588400,48344000
2020-02-03,117834000,71636000,30107000,173788400,60736000
2020-02-04,105786000,95880000,36433300,136616400,78660000
2020-02-05,87524000,36376000,39186300,118826800,39724000
2020-02-06,63660000,37822000,27751400,105425600,33588000
2020-02-07,101906000,28360000,33529100,117684000,23446000
2020-02-10,101124000,38302000,35844300,109348800,28398000
2020-02-11,114920000,34852000,53159900,94323200,26892000
2020-02-12,66686000,31042000,47062900,113730400,23352000
2020-02-13,60636000,22914000,35295800,94747600,18590000
2020-02-14,52124000,23198000,23149500,80113600,23956000
2020-02-18,58912000,25642000,27792200,152531200,22414000
2020-02-19,51224000,22746000,29997500,93984000,18986000
2020-02-20,62626000,25962000,36862400,100566000,21932000
2020-02-21,92926000,42520000,48572600,129554000,34634000
2020-02-24,130940000,49560000,68311100,222195200,57342000
2020-02-25,124382000,51580000,68073300,230673600,49566000
2020-02-26,104492000,49776000,56206100,198054800,44048000
2020-02-27,162880000,62290000,93174900,320605600,59566000
2020-02-28,189620000,80198000,97012700,426510000,75782000
2020-03-02,135234000,55430000,71030800,341397200,48630000
2020-03-03,150690000,56602000,71677000,319475600,48046000
2020-03-04,95458000,47598000,49814400,219178400,38266000
2020-03-05,94964000,54380000,47817300,187572800,51226000
2020-03-06,105472000,64640000,72821100,226176800,53212000
2020-03-09,156264000,69252000,70419300,286744800,67308000
2020-03-10,142666000,54872000,65354400,285290000,52228000
2020-03-11,112496000,54732000,56371600,255598800,52170000
2020-03-12,226924000,94326000,93226400,418474000,84534000
2020-03-13,176194000,79400000,92727400,370732000,74002000
2020-03-16,178346000,96520000,87905900,322423600,85048000
2020-03-17,218342000,83194000,81059800,324056000,77230000
2020-03-18,192904000,93044000,81593200,300233600,84668000
2020-03-19,207998000,74064000,85922700,271857200,73022000
2020-03-20,196358000,82878000,84866200,401693200,72036000
2020-03-23,156170000,83672000,78975200,336752800,80882000
2020-03-24,142942000,72468000,82516700,287531200,66890000
2020-03-25,129582000,90324000,75638200,303602000,81630000
2020-03-26,124426000,76562000,64568100,252087200,71434000
2020-03-27,107758000,62794000,57042300,204216800,64170000
2020-03-30,122522000,58736000,63420300,167976400,51482000
2020-03-31,102472000,65228000,77927200,197002000,49728000
2020-04-01,82438000,51970000,57969900,176218400,46884000
2020-04-02,86720000,56410000,49630700,165934000,39298000
2020-04-03,72198000,51374000,41243300,129880000,46268000
2020-04-06,115464000,63320000,67111700,201820400,53294000
2020-04-07,102280000,61620000,62769000,202887200,47746000
2020-04-08,79546000,40334000,48318200,168895200,39502000
2020-04-09,92930000,54028000,51385100,161834800,43508000
2020-04-13,134334000,38702000,41905300,131022800,34796000
2020-04-14,161744000,63358000,52874300,194994800,49408000
2020-04-15,137332000,42236000,40940800,131154400,33434000
2020-04-16,240764000,57896000,50479600,157125200,50362000
2020-04-17,158600000,51050000,52765600,215250000,38980000
2020-04-20,115414000,35292000,36669600,130015200,33910000
2020-04-21,149534000,49648000,56203700,180991600,43060000
2020-04-22,84244000,46296000,34620200,116862400,41848000
2020-04-23,101332000,34202000,32790800,124814400,31324000
2020-04-24,76498000,37402000,34277600,126161200,32792000
2020-04-27,112912000,44186000,33194400,117087600,32012000
2020-04-28,105388000,80700000,34392700,112004800,59026000
2020-04-29,91832000,108358000,51286600,137280800,75872000
2020-04-30,190692000,55842000,53875900,183064000,53378000
2020-05-01,195452000,48872000,39370500,240616800,41450000
2020-05-04,97318000,30806000,30372900,133568000,30080000
2020-05-05,64850000,39666000,36839200,147751200,33030000
2020-05-06,62356000,31732000,32139300,142333600,24308000
2020-05-07,67928000,30652000,28316000,115215200,27952000
2020-05-08,64132000,33326000,30877800,133838400,27738000
2020-05-11,65184000,32718000,30892700,145946400,28242000
2020-05-12,61498000,33918000,32038200,162301200,27812000
2020-05-13,95658000,40368000,44711500,200622400,36252000
2020-05-14,72962000,36660000,41873900,158929200,32062000
2020-05-15,84700000,41544000,46610400,166348400,34154000
2020-05-18,87144000,47094000,35264500,135178400,36448000
2020-05-19,86410000,31586000,26799100,101729600,25612000
2020-05-20,79962000,38262000,31261300,111504800,33108000
2020-05-21,102288000,30894000,29119500,102688800,27700000
2020-05-22,57342000,28544000,20826900,81803200,26188000
2020-05-26,71364000,44590000,36073600,125522000,41212000
2020-05-27,101138000,31684000,39517100,112945200,33716000
2020-05-28,63804000,35170000,33810200,133560800,33844000
2020-05-29,70198000,37044000,42130400,153532400,36418000
2020-06-01,58578000,25162000,22622400,80791200,24342000
2020-06-02,50598000,23442000,30794600,87642800,25562000
2020-06-03,53420000,27732000,27311000,104491200,25124000
2020-06-04,58974000,26982000,28761800,87560400,29686000
2020-06-05,66128000,42642000,39893600,137250400,34698000
2020-06-08,79414000,33878000,33211600,95654400,28084000
2020-06-09,103520000,33624000,29783900,147712400,28184000
2020-06-10,98920000,31762000,43872300,166651600,30504000
2020-06-11,116002000,47144000,52854700,201662400,39826000
2020-06-12,108722000,36676000,43373600,200146000,38928000
2020-06-15,77302000,30468000,32770200,138808800,30078000
2020-06-16,71712000,30648000,42556700,165428800,34184000
2020-06-17,59186000,30610000,25687800,114406400,30992000
2020-06-18,49756000,34862000,23061600,96820400,31638000
2020-06-19,115540000,52784000,44441100,264476000,63158000
2020-06-22,64176000,29442000,32818900,135445200,30848000
2020-06-23,84634000,37752000,30917400,212155600,28596000
2020-06-24,90532000,31592000,36740600,192623200,35120000
2020-06-25,59374000,23958000,27803900,137522400,24610000
2020-06-26,130016000,97640000,54675800,205256800,85354000
2020-06-29,84468000,45074000,26701600,130646000,36204000
2020-06-30,75394000,40286000,34310300,140223200,40848000
2020-07-01,127268000,42182000,32061200,110737200,35504000
2020-07-02,131868000,57218000,29315800,114041600,37182000
2020-07-06,137612000,44712000,31897600,118655600,31280000
2020-07-07,105150000,42364000,33600700,112424400,29164000
2020-07-08,100752000,31766000,33600000,117092000,24994000
2020-07-09,127774000,41836000,33121700,125642800,28466000
2020-07-10,109720000,35918000,26177600,90257200,37126000
2020-07-13,154408000,42954000,38135600,191649200,36928000
2020-07-14,144638000,38108000,37591800,170989200,31700000
2020-07-15,115778000,31026000,32179400,153198000,32214000
2020-07-16,127884000,26484000,29940700,110577600,30386000
2020-07-17,95226000,34264000,31635300,92186800,29134000
2020-07-20,151964000,30166000,36884800,90318000,31146000
2020-07-21,122426000,27486000,37990400,103433200,24324000
2020-07-22,82084000,24482000,49605700,89001600,18640000
2020-07-23,113138000,33910000,67457000,197004400,32552000
2020-07-24,112648000,29902000,39827000,185438800,30880000
2020-07-27,83410000,27124000,30160900,121214000,24920000
2020-07-28,62534000,30910000,23251400,103625600,34044000
2020-07-29,59482000,22676000,19632600,90329200,22130000
2020-07-30,122566000,36042000,25079600,158130000,33428000
2020-07-31,161710000,91468000,51044000,374336800,68798000
2020-08-03,101494000,45482000,78983000,308151200,46604000
2020-08-04,93886000,37212000,49280100,173071600,38070000
2020-08-05,78330000,29134000,28806400,121776800,39590000
2020-08-06,78812000,33306000,32656800,202428800,39908000
2020-08-07,78722000,27718000,27820400,198045600,31556000
2020-08-10,63346000,20546000,36716500,212403600,25786000
2020-08-11,74362000,31098000,36446500,187902400,29088000
2020-08-12,70442000,22512000,28013100,165598000,28740000
2020-08-13,62980000,22388000,22588900,210082000,29104000
2020-08-14,55034000,21942000,17958900,165565200,27096000
2020-08-17,53824000,19990000,20184800,119561600,27566000
2020-08-18,106920000,28378000,21336200,105633600,40542000
2020-08-19,83702000,30472000,27627600,145538000,33212000
2020-08-20,66650000,26382000,26981500,126907200,34138000
2020-08-21,71518000,34838000,36249300,338054800,28930000
2020-08-24,93326000,25638000,25460100,345937600,28198000
2020-08-25,79856000,25150000,23043700,211495600,44942000
2020-08-26,130174000,52188000,39600800,163022400,79868000
2020-08-27,85296000,31350000,57602200,155552400,37232000
2020-08-28,57940000,22418000,26292900,187630000,29980000
2020-08-31,83718000,26422000,28774200,225702700,36468000
2020-09-01,68644000,22652000,25725500,151948100,36506000
2020-09-02,78630000,49522000,34080800,200119000,50224000
2020-09-03,163222000,63726000,58400300,257599600,62156000
2020-09-04,175636000,55850000,59664100,332607200,52172000
2020-09-08,121884000,54032000,52924300,231366600,52218000
2020-09-09,103774000,39242000,45679000,176940500,35494000
2020-09-10,106614000,33024000,35461500,182274400,32372000
2020-09-11,101880000,30706000,33620100,180860300,31942000
2020-09-14,90592000,42660000,30375800,140150100,33932000
2020-09-15,80430000,23042000,21823900,184642000,26622000
2020-09-16,90244000,22128000,26328100,154679000,26234000
2020-09-17,128982000,40008000,34011300,178011000,37596000
2020-09-18,177852000,63056000,55225300,287104900,62078000
2020-09-21,122358000,56908000,39839700,195713800,57776000
2020-09-22,138976000,33950000,33517100,183055400,31664000
2020-09-23,113054000,37726000,30803800,150718700,33148000
2020-09-24,110588000,34552000,31202500,167743300,29004000
2020-09-25,92304000,30326000,29437300,149981400,26460000
2020-09-28,84484000,30784000,32004900,137672400,40158000
2020-09-29,69916000,31816000,24221900,99382200,19564000
2020-09-30,97922000,40924000,33829100,142675200,34032000
2020-10-01,99438000,32884000,27158400,116120400,35590000
2020-10-02,112262000,31222000,33154800,144712000,25682000
2020-10-05,75506000,21602000,21331600,106243800,22266000
2020-10-06,101738000,26096000,28554300,161498200,24908000
2020-10-07,86188000,36108000,25681100,96849000,34924000
2020-10-08,63482000,26076000,19925800,83477200,23756000
2020-10-09,98158000,32966000,26458000,100506900,28706000
2020-10-12,167284000,55344000,40461400,240226800,49652000
2020-10-13,114894000,39072000,28950800,262330500,32020000
2020-10-14,116254000,33174000,23421700,150712000,38586000
2020-10-15,104468000,31210000,22733100,112559200,30800000
2020-10-16,129488000,34194000,26057900,115393800,28694000
2020-10-19,104472000,29734000,27625800,120639300,32142000
2020-10-20,90194000,41670000,22753500,124423700,44834000
2020-10-21,91854000,60322000,22724900,89946000,51366000
2020-10-22,84240000,30512000,22351500,101988000,28672000
2020-10-23,69334000,30548000,18879600,82572600,27516000
2020-10-26,118024000,35826000,37111600,111850700,37066000
2020-10-27,85820000,25902000,36700300,92276800,24580000
2020-10-28,111766000,45174000,51195600,143937800,36680000
2020-10-29,131930000,55406000,31432600,146129200,40062000
2020-10-30,167728000,99878000,36953700,190272600,86582000
2020-11-02,145148000,44228000,30842200,122866900,50708000
2020-11-03,97958000,31432000,27512000,107624400,33234000
2020-11-04,136780000,71342000,42311800,138235500,71418000
2020-11-05,115786000,39758000,36080100,126387100,41316000
2020-11-06,92946000,28622000,25231900,114457900,33218000
2020-11-09,143808000,53440000,44395000,154515300,45366000
2020-11-10,131820000,43022000,44045100,138023400,52722000
2020-11-11,87338000,31838000,29440800,112295000,25280000
2020-11-12,87240000,26474000,21593900,103162300,24950000
2020-11-13,75124000,29744000,18621100,81581900,29998000
2020-11-16,76174000,25468000,24953300,91183000,24936000
2020-11-17,68894000,21314000,24154100,74271000,22942000
2020-11-18,58336000,20108000,28372800,76322100,23470000
2020-11-19,60206000,20106000,24792700,74113000,24998000
2020-11-20,67488000,27694000,22843100,73604300,46270000
2020-11-23,94178000,22530000,25683500,127959300,43232000
2020-11-24,72042000,27984000,33979700,113874200,31560000
2020-11-25,75808000,19600000,21012900,76499200,20916000
2020-11-27,47858000,14790000,14512200,46691300,17698000
2020-11-30,81278000,32418000,33064800,169410200,36476000
2020-12-01,90740000,37350000,30904500,127728200,34738000
2020-12-02,62586000,29424000,23724500,89004200,24440000
2020-12-03,57840000,24728000,25120900,78967600,24546000
2020-12-04,58272000,20544000,24666000,78260400,27564000
2020-12-07,55026000,22288000,24620000,86712000,26418000
2020-12-08,65726000,19936000,23284100,82225500,21926000
2020-12-09,82016000,31728000,32440600,115089200,30152000
2020-12-10,60604000,28688000,26733300,81312200,27256000
2020-12-11,61294000,18628000,30979400,86939800,24414000
2020-12-14,83116000,33050000,28798400,79184500,32004000
2020-12-15,66390000,21352000,27000600,157243700,29646000
2020-12-16,88552000,24676000,35023300,98208600,30270000
2020-12-17,69486000,34880000,32515800,94359800,32494000
2020-12-18,119914000,85256000,63354900,192541500,80328000
2020-12-21,76736000,33974000,37181900,121251600,36568000
2020-12-22,47388000,20370000,22612200,168904800,18734000
2020-12-23,41876000,22974000,18699600,88223700,20676000
2020-12-24,29038000,9312000,10550600,54930100,6936000
2020-12-28,113736000,27650000,17933500,124486200,27860000
2020-12-29,97458000,19726000,17403200,121047300,25988000
2020-12-30,64186000,21026000,20272300,96452100,26122000
2020-12-31,59144000,21070000,20942100,99116600,20238000
2021-01-04,88228000,37324000,37130100,143301900,38038000
2021-01-05,53110000,20360000,23823000,97664900,22906000
2021-01-06,87896000,46588000,35930700,155088000,52042000
2021-01-07,70290000,41936000,27694500,109578200,45300000
2021-01-08,70754000,35484000,22956200,105158200,41012000
2021-01-11,73668000,34796000,23031300,100384500,24194000
2021-01-12,70292000,29528000,23249300,91951100,27140000
2021-01-13,66424000,23432000,20087100,88636800,21882000
2021-01-14,61418000,29212000,29480800,90221800,23590000
2021-01-15,84880000,31444000,31746500,111598500,26844000
2021-01-19,66102000,41660000,30480900,90757300,34692000
2021-01-20,106196000,64152000,37777300,104319500,49806000
2021-01-21,98722000,58634000,30709400,120150900,41278000
2021-01-22,56438000,32744000,30172700,114459400,25442000
2021-01-25,74996000,50586000,33152100,157611700,38546000
2021-01-26,59104000,31462000,49169600,98390600,26262000
2021-01-27,93204000,82512000,69870600,140843800,54966000
2021-01-28,62984000,55278000,49111200,142621100,35462000
2021-01-29,85872000,44530000,42503100,177523800,32252000
2021-02-01,83204000,40252000,33314200,106239800,32044000
2021-02-02,141972000,66332000,25916300,83305400,45474000
2021-02-03,141776000,97882000,27158100,89880900,82364000
2021-02-04,73414000,48596000,25296100,84183100,37046000
2021-02-05,72416000,29866000,18054800,75693800,30702000
2021-02-08,65148000,28828000,22211900,71297200,24838000
2021-02-09,44070000,21892000,23565000,76774200,17798000
2021-02-10,63032000,25102000,22186700,73046600,22710000
2021-02-11,46028000,20480000,15751100,64280000,18914000
2021-02-12,46706000,18990000,16561100,60145100,17114000
2021-02-16,51494000,31004000,26728500,80576300,22676000
2021-02-17,65950000,20294000,21653500,97918500,21418000
2021-02-18,60548000,22546000,16925600,96856700,22432000
2021-02-19,86104000,37938000,25262600,87668800,29148000
2021-02-22,70314000,29466000,36446900,103916400,27350000
2021-02-23,93544000,34658000,30228700,158273000,33348000
2021-02-24,60226000,22608000,26339700,111039900,24966000
2021-02-25,90676000,41548000,39542200,148199500,36568000
2021-02-26,85518000,40042000,37819200,164560400,41670000
2021-03-01,54582000,26060000,25324000,116307900,28090000
2021-03-02,51916000,25564000,22812500,102260900,22692000
2021-03-03,79774000,33892000,34029500,112966300,29684000
2021-03-04,109632000,49216000,44727800,178155000,42360000
2021-03-05,107772000,53100000,41872800,153766600,43904000
2021-03-08,83700000,36868000,35267400,154376600,32948000
2021-03-09,80600000,33920000,33080500,129525800,33946000
2021-03-10,60250000,27100000,29746800,111943300,25372000
2021-03-11,55528000,27702000,29907600,103026500,24782000
2021-03-12,48438000,33818000,22653700,88105100,34516000
2021-03-15,58272000,26168000,26034900,92403800,25962000
2021-03-16,50776000,31900000,28092200,115227900,29832000
2021-03-17,62372000,26382000,29562100,111932600,25980000
2021-03-18,72992000,31700000,34833000,121229700,27228000
2021-03-19,92508000,46072000,46430700,185549500,46298000
2021-03-22,58044000,33536000,30127000,111912300,39096000
2021-03-23,76346000,28510000,31638400,95467100,27340000
2021-03-24,59180000,25218000,25620100,88530500,23080000
2021-03-25,71270000,35616000,34061900,98844700,28378000
2021-03-26,66258000,27978000,25479900,94071200,29870000
2021-03-29,54920000,26492000,25227500,80819200,24596000
2021-03-30,46752000,27312000,24792000,85671900,20732000
2021-03-31,61878000,42570000,43623500,118323800,29198000
2021-04-01,58806000,39880000,30338000,75089100,33980000
2021-04-05,66698000,48510000,36910600,88651200,43298000
2021-04-06,50756000,35240000,22931900,80171300,27060000
2021-04-07,66924000,24134000,22719800,83466700,25798000
2021-04-08,56242000,28664000,23625200,88844600,27166000
2021-04-09,86830000,26146000,24326800,106686700,20888000
2021-04-12,65636000,25024000,27148700,91420000,31318000
2021-04-13,66316000,25682000,23837500,91266500,23310000
2021-04-14,62904000,21002000,23070900,87222800,20220000
2021-04-15,64672000,29174000,25627500,89347100,27472000
2021-04-16,63720000,26282000,24878600,84922400,22596000
2021-04-19,54508000,30290000,23209300,94264200,24688000
2021-04-20,52460000,22288000,19722900,94812300,21774000
2021-04-21,44224000,23204000,24030400,68847100,23930000
2021-04-22,51612000,24146000,25606200,84566500,21096000
2021-04-23,63856000,29066000,21462600,78657500,28670000
2021-04-26,97614000,32038000,19763300,66905100,20834000
2021-04-27,76542000,44386000,31014200,66015800,31972000
2021-04-28,92638000,81106000,46903100,107760100,59728000
2021-04-29,153648000,41234000,40589000,151101000,39554000
2021-04-30,140186000,44856000,30945100,109839500,39142000
2021-05-03,117510000,28242000,19626600,75135100,33788000
2021-05-04,108788000,44818000,32756100,137564700,35120000
2021-05-05,74226000,26636000,21901300,84000900,21806000
2021-05-06,88954000,25190000,26491100,78128300,20618000
2021-05-07,94206000,28898000,27032900,78973300,23272000
2021-05-10,116772000,30914000,29299900,88071200,26006000
2021-05-11,92396000,34186000,33641600,126142800,32110000
2021-05-12,98728000,46376000,36684400,112172300,34934000
2021-05-13,67018000,33204000,29624300,105861300,26670000
2021-05-14,66500000,31996000,23901100,81918000,26624000
2021-05-17,74478000,21598000,24970200,74244600,19842000
2021-05-18,56568000,22204000,20168000,63342900,17302000
2021-05-19,53594000,23684000,25739800,92612000,19350000
2021-05-20,52664000,32352000,21800700,76857100,23832000
2021-05-21,82098000,40632000,21863100,79295400,22832000
2021-05-24,48456000,31832000,21411500,63092900,21244000
2021-05-25,65222000,22440000,17704300,72009500,18838000
2021-05-26,47680000,21572000,17771600,56575900,21856000
2021-05-27,51224000,35224000,24426200,94625600,38962000
2021-05-28,46596000,21482000,18270200,71311100,24108000
2021-06-01,48600000,23354000,23213300,67637100,19166000
2021-06-02,40290000,21158000,19406700,59278900,17158000
2021-06-03,47966000,18696000,25307700,76229200,18346000
2021-06-04,44994000,24458000,25281100,75169300,25948000
2021-06-07,44316000,24120000,23079200,71057600,23850000
2021-06-08,68334000,24240000,22455000,74403800,25060000
2021-06-09,49110000,17942000,17937600,56877900,20126000
2021-06-10,69530000,25904000,24563600,71186400,31234000
2021-06-11,56348000,21958000,18999700,53522400,25240000
2021-06-14,51394000,22098000,19150500,96906500,22550000
2021-06-15,48524000,21562000,18038900,62746300,22182000
2021-06-16,84056000,26472000,27220000,91815000,26316000
2021-06-17,102730000,25842000,27565500,96721700,25756000
2021-06-18,104954000,46116000,37202200,108953300,53306000
2021-06-21,65542000,27414000,26696100,79663300,26256000
2021-06-22,66902000,22390000,24694100,74783600,20984000
2021-06-23,56266000,19148000,19518700,60214200,19694000
2021-06-24,76640000,21362000,21446900,68711000,18934000
2021-06-25,78820000,34594000,25611100,70783700,33484000
2021-06-28,44856000,28526000,19590000,62111300,28110000
2021-06-29,41968000,23108000,19937800,64556100,20950000
2021-06-30,48080000,24474000,21656500,63261400,24006000
2021-07-01,40742000,18110000,16725300,52485800,17120000
2021-07-02,63388000,25982000,26458000,78852600,21160000
2021-07-06,134896000,26404000,31565600,108181800,21350000
2021-07-07,106562000,24060000,23260000,104911600,16680000
2021-07-08,103612000,23790000,24618600,105575500,19780000
2021-07-09,74964000,18632000,23916700,99890800,15106000
2021-07-12,51432000,17668000,18931700,76299700,16944000
2021-07-13,76918000,19240000,26120100,100827100,16618000
2021-07-14,65932000,23742000,23113700,127050800,17912000
2021-07-15,63706000,24218000,22604200,106820300,16586000
2021-07-16,80874000,20424000,26186800,93251400,14856000
2021-07-19,75692000,27968000,32935600,121434600,25710000
2021-07-20,65114000,26312000,26259700,96350000,19084000
2021-07-21,46380000,20746000,24364300,74993500,14742000
2021-07-22,65308000,14302000,23384100,77338200,13608000
2021-07-23,48726000,41506000,22768100,71447400,26378000
2021-07-26,58002000,30572000,23176100,72434100,23052000
2021-07-27,82638000,54710000,33604100,104818600,42164000
2021-07-28,59988000,95130000,33566900,118931200,54688000
2021-07-29,110400000,31716000,18168300,56699500,19284000
2021-07-30,199312000,25576000,20944800,70440600,23954000
2021-08-02,67078000,21634000,16267400,62880000,20140000
2021-08-03,83146000,20762000,17879000,64786600,19064000
2021-08-04,43678000,19676000,16191300,56368300,16528000
2021-08-05,48670000,17870000,13900200,46397700,11866000
2021-08-06,52752000,20488000,16589300,54126800,13560000
2021-08-09,42964000,17760000,16117600,48908700,12374000
2021-08-10,48252000,19414000,18616600,69023100,16034000
2021-08-11,58944000,15352000,13955900,48493500,15204000
2021-08-12,46282000,16506000,14561300,72282600,14646000
2021-08-13,41134000,15948000,18249000,59375000,12580000
2021-08-16,66394000,22384000,22507600,103296000,18040000
2021-08-17,67758000,21716000,20075300,92229700,21272000
2021-08-18,56086000,19258000,21813000,86326000,14934000
2021-08-19,75658000,21782000,29850500,86960300,18296000
2021-08-20,67168000,31194000,40817600,60549600,15564000
2021-08-23,65362000,28454000,22830200,60131800,21090000
2021-08-24,51036000,19268000,18175800,48606400,15126000
2021-08-25,33606000,15848000,20006100,58991300,12838000
2021-08-26,41976000,20610000,17666100,48597200,14922000
2021-08-27,48048000,28780000,22605700,55802400,24562000
2021-08-30,63844000,24434000,16348100,90956700,16916000
2021-08-31,87128000,22448000,26285300,86453100,26756000
2021-09-01,72598000,21936000,18983800,80313700,15824000
2021-09-02,58474000,32342000,16285600,71115500,21844000
2021-09-03,51514000,19850000,14747900,57808700,19104000
2021-09-07,54758000,20124000,17180400,82278300,15170000
2021-09-08,61068000,18344000,15046800,74420200,15486000
2021-09-09,54384000,15314000,19927000,57305700,14798000
2021-09-10,47946000,36840000,19633400,140893200,32896000
2021-09-13,51380000,22094000,23652900,102404300,20176000
2021-09-14,38738000,19674000,21853400,109296300,18916000
2021-09-15,59150000,27408000,28356300,83281300,20648000
2021-09-16,51672000,26190000,19550800,68034100,20292000
2021-09-17,92332000,53384000,41372500,129868800,60040000
2021-09-20,93382000,46518000,38278700,123478900,34918000
2021-09-21,55618000,25332000,22364100,75834000,18130000
2021-09-22,48228000,25056000,26626300,76404300,22068000
2021-09-23,47588000,20952000,18604600,64838200,17272000
2021-09-24,42324000,22984000,14999000,53477900,14950000
2021-09-27,72690000,21882000,23571700,74150700,18844000
2021-09-28,88616000,45772000,43186200,108972300,42190000
2021-09-29,51246000,30848000,26353700,74602000,26338000
2021-09-30,56848000,37996000,32343600,89056700,35294000
2021-10-01,56712000,35360000,30086300,94639600,28388000
2021-10-04,90462000,51202000,31350700,98322000,31530000
2021-10-05,65384000,32404000,24993000,80861100,24126000
2021-10-06,50660000,24364000,28002600,83221100,19764000
2021-10-07,48182000,25110000,20430500,61732700,18250000
2021-10-08,39964000,26526000,17685700,58773200,18924000
2021-10-11,40684000,17954000,19298600,64452200,16584000
2021-10-12,36392000,36332000,17974100,73035900,22536000
2021-10-13,48402000,19654000,23416300,78762700,16380000
2021-10-14,42190000,31894000,27262900,69907100,21426000
2021-10-15,103598000,30274000,25384800,67940300,21250000
2021-10-18,63482000,20396000,22729300,85589200,16564000
2021-10-19,47722000,20164000,17682100,76378900,15316000
2021-10-20,42796000,23288000,16537100,58418800,17940000
2021-10-21,37628000,26292000,16918100,61421000,14850000
2021-10-22,62782000,50588000,17449300,58883400,30182000
2021-10-25,44520000,34412000,17554500,50720600,21082000
2021-10-26,53966000,49236000,28107300,60893400,28258000
2021-10-27,54044000,85782000,52588700,56094900,51850000
2021-10-28,114174000,36206000,26297900,100077900,32418000
2021-10-29,129722000,43320000,34766000,124953200,28954000
2021-11-01,72178000,46924000,27073200,74588300,32272000
2021-11-02,52552000,33482000,26487100,69122000,21150000
2021-11-03,67944000,27494000,21500100,54511500,17886000
2021-11-04,107060000,38412000,23992200,60394600,24700000
2021-11-05,99940000,38354000,22570100,65463900,20408000
2021-11-08,61480000,23052000,20897000,55020900,18388000
2021-11-09,85898000,19530000,21307400,56787900,16876000
2021-11-10,80548000,29970000,25500900,65187100,22708000
2021-11-11,45288000,16518000,16849800,41000000,12464000
2021-11-12,53788000,22360000,23831000,63804000,17048000
2021-11-15,58594000,23508000,16723000,59222800,16248000
2021-11-16,44342000,18904000,20886800,59256200,17254000
2021-11-17,51206000,19594000,19053400,88807000,15290000
2021-11-18,114070000,35608000,22463500,137827700,26658000
2021-11-19,98734000,33682000,21963400,117305600,19766000
2021-11-22,96844000,30594000,31031100,117467900,24608000
2021-11-23,73804000,27218000,30427600,96041900,18126000
2021-11-24,46560000,18040000,21661300,69463600,16464000
2021-11-26,59826000,30470000,24217200,76959800,16992000
2021-11-29,65312000,32596000,28563500,88748200,26276000
2021-11-30,80022000,42068000,42885600,174048100,41590000
2021-12-01,74916000,34020000,33337600,152052500,28476000
2021-12-02,64726000,29194000,30766000,136739200,21250000
2021-12-03,80712000,41230000,41779300,118023100,26688000
2021-12-06,68860000,30618000,30032600,107497000,22198000
2021-12-07,66410000,32240000,31021900,120405400,23258000
2021-12-08,45254000,24270000,24761000,116998900,18964000
2021-12-09,46062000,23270000,22214200,108923700,18580000
2021-12-10,60690000,24458000,38095700,115402700,21634000
2021-12-13,62170000,27070000,28899400,153237000,24104000
2021-12-14,55976000,38446000,44438700,139380400,24778000
2021-12-15,75794000,36370000,35381100,131063300,27280000
2021-12-16,60876000,33650000,35034800,150185800,27400000
2021-12-17,85542000,50416000,47750300,195432700,43404000
2021-12-20,57372000,27192000,28326500,107499100,20264000
2021-12-21,55956000,28756000,24740600,91185900,19548000
2021-12-22,55036000,26322000,24831500,92135300,18438000
2021-12-23,36788000,26384000,19617800,68356600,13818000
2021-12-27,58688000,15976000,19947000,74919600,13256000
2021-12-28,54638000,18200000,15661500,79144300,18624000
2021-12-29,35754000,17788000,15042000,62348900,17022000
2021-12-30,37584000,15688000,15994500,59773000,12978000
2021-12-31,47830000,18136000,18000800,64062300,17298000
2022-01-03,63520000,28646000,28865100,104487900,25214000
2022-01-04,70726000,28400000,32674300,99310400,22928000
2022-01-05,64302000,54618000,40054300,94537600,49642000
2022-01-06,51958000,37348000,39646100,96904000,29050000
2022-01-07,46606000,29760000,32720000,86709100,19408000
2022-01-10,87798000,44408000,44289500,106765600,34096000
2022-01-11,62806000,28730000,29386800,76138300,23502000
2022-01-12,50030000,26108000,34372200,74805200,23642000
2022-01-13,52188000,31436000,45366000,84505800,26566000
2022-01-14,45974000,29662000,39846400,80440800,23826000
2022-01-18,67292000,34872000,42333200,90956700,27382000
2022-01-19,53242000,28648000,45933900,94815000,20796000
2022-01-20,71974000,29908000,35380700,91420500,21930000
2022-01-21,163972000,55652000,57984400,122848900,41920000
2022-01-24,155624000,76622000,85731500,162294600,55148000
2022-01-25,90824000,46960000,72848600,115798400,36008000
2022-01-26,95602000,49130000,90428900,108275300,39630000
2022-01-27,77516000,31950000,53481300,121954600,30248000
2022-01-28,74392000,34362000,49743700,179935700,30518000
2022-01-31,78308000,39986000,46444500,115541600,34056000
2022-02-01,59220000,68644000,40950400,86213900,51204000
2022-02-02,87330000,123200000,36636000,84914300,89750000
2022-02-03,225532000,71518000,43730000,89418100,56930000
2022-02-04,253456000,57998000,35096500,82465400,49224000
2022-02-07,102624000,54974000,28533300,77251200,44610000
2022-02-08,76040000,54284000,32421200,74829200,34256000
2022-02-09,68786000,40144000,31284700,71285000,28628000
2022-02-10,68268000,39330000,45386200,90865900,33018000
2022-02-11,77100000,39958000,39175600,98670700,38808000
2022-02-14,83230000,34302000,36359500,86185500,26792000
2022-02-15,56440000,26680000,27058300,62527400,26578000
2022-02-16,52704000,25022000,29982100,61177400,25610000
2022-02-17,64032000,38950000,32461600,69589300,30968000
2022-02-18,63604000,45620000,34264000,82772700,31858000
2022-02-22,66128000,44990000,41736100,91162800,38906000
2022-02-23,64244000,32786000,37811200,90009200,26432000
2022-02-24,100786000,54456000,56989700,141147500,43166000
2022-02-25,62396000,36406000,32546700,91974200,26236000
2022-02-28,57684000,38864000,34627500,95056600,29676000
2022-03-01,44874000,26496000,31217800,83474400,24640000
2022-03-02,47334000,23520000,31873000,79724800,23966000
2022-03-03,65198000,24604000,27314500,76678400,19780000
2022-03-04,60934000,30430000,32356500,83737200,24446000
2022-03-07,86934000,45112000,43157200,96418800,39178000
2022-03-08,91662000,40428000,48159500,131148300,35250000
2022-03-09,82656000,37026000,35204500,91454900,32258000
2022-03-10,135062000,27102000,30628000,105342000,24266000
2022-03-11,68900000,31526000,27209300,96970100,26600000
2022-03-14,74086000,38812000,30660700,108732100,30254000
2022-03-15,75584000,30920000,34245100,92964300,30292000
2022-03-16,84958000,35576000,37826300,102300200,32058000
2022-03-17,72934000,28264000,30816600,75615400,23994000
2022-03-18,102962000,44566000,43390600,123511700,45900000
2022-03-21,66538000,26832000,28351200,95811400,26632000
2022-03-22,64086000,35496000,27599700,81532000,29776000
2022-03-23,55812000,25154000,25715400,98062700,25302000
2022-03-24,56798000,26396000,24484500,90131400,20544000
2022-03-25,49032000,24126000,22566500,80546200,19270000
2022-03-28,59854000,35050000,29578200,90371900,23774000
2022-03-29,66154000,34318000,30393400,100589400,28678000
2022-03-30,56168000,19884000,28163600,92633200,21046000
2022-03-31,59966000,37524000,33422100,103049300,29516000
2022-04-01,57090000,25942000,27110500,78751300,23480000
2022-04-04,49882000,25942000,24289600,76468400,19076000
2022-04-05,53728000,21418000,23156700,73401800,19256000
2022-04-06,79056000,32468000,40110400,89058800,23574000
2022-04-07,68136000,26234000,31411200,77594700,19448000
2022-04-08,46002000,25142000,24361900,76575500,16434000
2022-04-11,52112000,36884000,34569300,72246700,24188000
2022-04-12,55178000,32710000,30966700,79265200,23004000
2022-04-13,53390000,27928000,21907200,70618900,19542000
2022-04-14,51598000,31598000,28221600,75329400,23484000
2022-04-18,46514000,20808000,20778000,69023900,14918000
2022-04-19,54926000,26490000,22297700,67723800,22720000
2022-04-20,59630000,31696000,22906700,67929800,22610000
2022-04-21,63970000,36446000,29454600,87227800,30158000
2022-04-22,73078000,56884000,29405800,84882400,46410000
2022-04-25,61874000,46128000,35678900,96046400,34522000
2022-04-26,77530000,73054000,46518400,95623200,49394000
2022-04-27,71336000,91820000,63477700,88063200,62238000
2022-04-28,117316000,48884000,33646600,130216800,36790000
2022-04-29,272662000,42676000,37073900,131747600,33694000
2022-05-02,148788000,35534000,35151100,123055300,30280000
2022-05-03,79134000,24968000,25978600,88966500,21216000
2022-05-04,110746000,49916000,33599300,108256500,33232000
2022-05-05,144392000,45840000,43260400,130525300,43090000
2022-05-06,124260000,39710000,37780300,116124600,35310000
2022-05-09,128124000,40802000,47726000,131577900,34520000
2022-05-10,105434000,39900000,39336400,115366700,31158000
2022-05-11,109704000,37534000,48975900,142689800,36502000
2022-05-12,132026000,53836000,51033800,182602000,41464000
2022-05-13,93684000,35038000,34925100,113990900,29738000
2022-05-16,74566000,25990000,32550900,86643800,23282000
2022-05-17,76448000,23054000,28828800,78336300,21576000
2022-05-18,108380000,35126000,31356000,109742900,27982000
2022-05-19,88142000,34144000,32692300,136095600,29192000
2022-05-20,99500000,48962000,39199300,137426100,37586000
2022-05-23,107798000,37184000,33175400,117726300,31558000
2022-05-24,102934000,76780000,29043900,104132700,60386000
2022-05-25,93120000,40258000,28547900,92482700,37900000
2022-05-26,93002000,37948000,25002100,90601500,30288000
2022-05-27,93660000,37914000,26910800,90978500,29924000
2022-05-31,144634000,50012000,37827700,103718400,51302000
2022-06-01,127528000,36606000,25292200,74286600,28630000
2022-06-02,100560000,37992000,44008200,72348100,27472000
2022-06-03,97604000,26136000,28059000,88570300,25052000
2022-06-06,135269000,33542000,22400300,71598400,23786000
2022-06-07,85156700,31590000,22860700,67808200,26414000
2022-06-08,64926600,26108000,17372300,53950200,22544000
2022-06-09,67029800,25798000,26439700,69473000,23142000
2022-06-10,87266000,41452000,31422800,91437900,31324000
2022-06-13,99277700,47252000,46135800,122207100,36756000
2022-06-14,69728800,33706000,28651500,84784300,25480000
2022-06-15,85011100,39698000,33111700,91533000,33192000
2022-06-16,82186300,51684000,33169200,108123900,35314000
2022-06-17,99772100,51376000,43084800,134520300,43516000
2022-06-21,70901200,47416000,29928300,81000500,39010000
2022-06-22,60040100,30774000,25939900,73409200,23922000
2022-06-23,64345300,28362000,25861400,72433800,24710000
2022-06-24,69867600,41164000,33923200,89116800,39122000
2022-06-27,62133200,36420000,24615100,70207900,32840000
2022-06-28,74942900,35792000,27295500,67083400,28232000
2022-06-29,66375300,24716000,20069800,66242400,18628000
2022-06-30,97679400,43170000,31730900,98964500,38046000
2022-07-01,73021200,35476000,22837700,71051600,31028000
2022-07-05,76583700,39342000,22941000,73353800,36398000
2022-07-06,66958900,37432000,23824400,74064300,28852000
2022-07-07,57872300,40936000,20859900,66253700,32184000
2022-07-08,45719700,38238000,19658800,64547800,29082000
2022-07-11,53487600,31196000,19455200,63141600,26718000
2022-07-12,54280300,29960000,35868500,77588800,24970000
2022-07-13,61353800,43722000,29497400,71185600,38958000
2022-07-14,51163100,37004000,25102800,78140700,32366000
2022-07-15,84317800,46770000,29774100,76259900,34330000
2022-07-18,59115400,43164600,20975000,81420900,33354000
2022-07-19,60990000,36530900,25012600,82982400,30992300
2022-07-20,71268300,35600400,22788300,64823400,26780100
2022-07-21,60239900,32676200,22404700,65086600,27267800
2022-07-22,51463800,48901200,21881300,66675400,44455300
2022-07-25,50221300,34690900,21056000,53623900,28289900
2022-07-26,67075100,47991000,39348000,55138700,36626600
2022-07-27,61582000,59858500,45994000,78620700,41474600
2022-07-28,82245500,32816600,33459300,81378700,23303800
2022-07-29,148892900,37223400,32152800,101786900,31336200
2022-08-01,76846900,26034300,21539600,67829400,22856200
2022-08-02,61922400,20236000,22754200,59907000,17911000
2022-08-03,71827800,28499000,23518900,82507500,25302800
2022-08-04,70585000,21602900,18098700,55474100,15757700
2022-08-05,50686900,19159500,16774600,56697000,15615700
2022-08-08,52229000,19138300,18739200,60276900,17061100
2022-08-09,40434700,19086500,23405200,63135500,15424300
2022-08-10,54773800,30930400,24687800,70170500,20497000
2022-08-11,44867300,24293700,20065900,57149200,16671600
2022-08-12,47643500,19096300,22619700,68039400,16121100
2022-08-15,39014600,19494800,18085700,54091700,15525000
2022-08-16,59102900,19041200,18102900,56377100,15626200
2022-08-17,48149800,22847000,18253400,79542000,17589200
2022-08-18,37458700,17987700,17186200,62290100,15652000
2022-08-19,47792800,21809500,20570000,70346300,20187000
2022-08-22,50461500,21456600,25061100,69026800,19316000
2022-08-23,36252100,15870400,17527400,54147100,14390700
2022-08-24,38627000,17734600,18137000,53841500,16051200
2022-08-25,37496300,16956800,16583400,51218200,14874700
2022-08-26,53322700,37245700,27549300,78961000,31698700
2022-08-29,48101600,21191200,20338500,73314000,20386100
2022-08-30,49203000,27513300,22767100,77906200,20548200
2022-08-31,53648700,28627000,24791800,87991100,25898000
2022-09-01,56636100,28360900,23263400,74229900,22784400
2022-09-02,57429800,24160700,22855400,76957800,20618100
2022-09-06,43888600,25068300,21328200,73714800,20565100
2022-09-07,47900300,23167000,24126700,87449600,22987200
2022-09-08,43988500,24238300,20319900,84923800,21660700
2022-09-09,49387600,23197700,22084700,68028800,21732900
2022-09-12,53826900,22966800,18747700,104956000,19732900
2022-09-13,72694000,38172900,33353300,122656600,33015000
2022-09-14,45316800,26395100,23913000,87965400,22115800
2022-09-15,52887200,34188300,31530900,90481100,26494900
2022-09-16,115667800,42797200,39791800,162278800,64540100
2022-09-19,47279700,23036800,26826900,81474200,19738600
2022-09-20,47698400,26517100,26660300,107689800,24001700
2022-09-21,58498900,31487300,28625600,101696800,26596800
2022-09-22,55229200,34298600,31061200,86652500,21272700
2022-09-23,65126700,31625400,34176000,96029900,25657000
2022-09-26,62723300,27072700,27694200,93339400,22437900
2022-09-27,60094700,30072800,27018700,84442700,24225000
2022-09-28,55763800,32466300,29029700,146691400,24617000
2022-09-29,58969700,31047200,27484200,128138200,21921500
2022-09-30,59479600,32941500,35694800,124925300,26277800
2022-10-03,50941900,27982000,28880400,114311700,24840000
2022-10-04,62812600,28850800,34888400,87830100,22580900
2022-10-05,48217500,22176900,20347100,79471000,18475500
2022-10-06,42253800,22324000,20239900,68402200,17156200
2022-10-07,54678000,27502800,37769600,85925600,24249900
2022-10-10,42339700,18225100,29743600,74899000,16529900
2022-10-11,56432200,26507100,30474000,77033700,21617700
2022-10-12,45728700,21876400,21903900,70433700,17343400
2022-10-13,86868100,34574500,42551800,113224000,32812200
2022-10-14,67737300,25410700,30198600,88598000,22624800
2022-10-17,62782000,28419200,28142300,85250900,23311600
2022-10-18,65607400,24060700,26329600,99136600,21610500
2022-10-19,47198100,23811100,19985700,61758300,21573700
2022-10-20,48795100,25323200,21811000,64522000,25125100
2022-10-21,55660500,32458700,26299700,86548600,28988700
2022-10-24,49531500,27176400,24911200,75981900,24680800
2022-10-25,50934600,40611400,34775500,74732300,29910200
2022-10-26,68802300,88114100,82543200,88194300,71504300
2022-10-27,129605400,60710900,40424600,109180200,54036500
2022-10-28,223133400,43697300,40647700,164762400,35696900
2022-10-31,99251400,31675000,28357300,97943200,29868700
2022-11-01,153370000,47161400,30592300,80379300,43220600
2022-11-02,135761800,57038300,38407000,93604600,43553600
2022-11-03,136683300,61288000,36633900,97918500,48510400
2022-11-04,129101300,51124900,36789100,140814800,40173300
2022-11-07,77495700,34078900,33498000,83374600,26899900
2022-11-08,88703400,30429000,28192500,89908500,30172000
2022-11-09,90796200,31769100,27852900,74917800,26743900
2022-11-10,173414900,51620100,46268000,118854000,42371200
2022-11-11,111590500,33090500,34620200,93979700,30569100
2022-11-14,99533100,30179500,31123300,73374100,24170100
2022-11-15,111336300,41640800,31390100,89868300,31831000
2022-11-16,87958800,29105200,24093300,64218300,24660200
2022-11-17,82617900,26052600,23123500,80389400,21818700
2022-11-18,72428200,28342300,27613500,74829600,24969900
2022-11-21,84330300,21647400,26394700,58724100,18696900
2022-11-22,62192000,23438500,19665700,51804100,18868900
2022-11-23,59414700,18868100,19508500,58301400,17568900
2022-11-25,35088600,9701400,9200800,35195900,8567800
2022-11-28,74943100,26237500,24778200,69246000,19974500
2022-11-29,65567300,20061700,17956300,83763800,20220000
2022-11-30,102805800,43647500,47594200,111380900,39888100
2022-12-01,68488000,28687100,26041500,71250400,21771500
2022-12-02,72496400,21480700,21528500,65447400,18821500
2022-12-05,71535500,24405100,23435300,68826400,19955500
2022-12-06,75503600,24910700,22463700,64727200,20877600
2022-12-07,68086900,31045400,20481500,69721100,26647900
2022-12-08,73305900,32213300,22611800,62128300,25593200
2022-12-09,67398500,28225400,20609700,76097000,21885300
2022-12-12,61999800,29420000,30665100,70462700,27380900
2022-12-13,100212000,40593700,42196900,93886200,34788500
2022-12-14,70298000,28733600,35410900,82291200,26452900
2022-12-15,84802900,40107000,35560400,98931900,28298800
2022-12-16,146144100,58011800,86102000,160156900,48485500
2022-12-19,83531500,29493000,29696400,79592600,23020500
2022-12-20,74348300,23453800,25150800,77432800,21976800
2022-12-21,59267200,24745600,23690600,85928000,20336400
2022-12-22,81431300,27658300,28651700,77852100,23656100
2022-12-23,57433700,23003000,21207000,63814900,17815000
2022-12-27,57284000,20097300,16688600,69007800,15470900
2022-12-28,58228600,19523200,17457100,85438400,17879600
2022-12-29,54995900,23333500,19770700,75703700,18280700
2022-12-30,62401200,23986300,21938500,77034200,19190300
2023-01-03,76706000,28131200,25740000,112117500,20738500
2023-01-04,68885100,34854800,50623400,89113600,27046500
2023-01-05,67930800,27194400,39585600,80962700,23136100
2023-01-06,83303400,41381500,43613600,87754700,26612600
2023-01-09,65266100,29003900,27369800,70790800,22996700
2023-01-10,67756600,30467800,27033900,63896200,22855600
2023-01-11,103126200,26862000,28669300,69458900,25998800
2023-01-12,85254800,30258100,27269500,71379600,22754200
2023-01-13,85549400,26329200,21333300,57809700,18630700
2023-01-17,72755000,32602400,29831300,63646600,22935800
2023-01-18,79570400,29116700,30028700,69672800,19641600
2023-01-19,69002700,37000400,28623000,58280400,28707700
2023-01-20,67481500,63191100,35389800,80223600,53704800
2023-01-23,76501100,40005100,31934000,81760300,31791800
2023-01-24,66929500,33078500,40234400,66435100,27391400
2023-01-25,94261600,42330000,66526600,65799300,31000900
2023-01-26,68523600,30114000,33454500,54105100,24542100
2023-01-27,87775600,33879800,26498900,70555800,29020400
2023-01-30,70691900,27226200,25867400,64015300,24365100
2023-01-31,66527300,29870700,26541100,65874500,22306800
2023-02-01,80450100,35531100,31259900,77663600,26392600
2023-02-02,158154200,69883800,39940400,118339000,46622600
2023-02-03,144374800,65309300,29077300,154357300,36823400
2023-02-06,81945200,31999600,22518000,69858300,25573000
2023-02-07,119501300,49010200,50841400,83322600,33738800
2023-02-08,75878300,94743500,54686000,64120100,73546000
2023-02-09,64622500,119455000,42375100,56007100,97798600
2023-02-10,52740100,54980700,25818500,57450700,49325300
2023-02-13,52841500,50076100,44630900,62199000,43116600
2023-02-14,56202900,54726100,37047900,61707600,42513100
2023-02-15,47957600,50169000,28922400,65573800,36964500
2023-02-16,56339200,42462600,29603600,68167900,35642100
2023-02-17,60029400,34284100,30000100,59144100,31095100
2023-02-21,56580400,33629300,28397400,58867200,28367200
2023-02-22,59534100,30884000,22491100,51011300,29891100
2023-02-23,48467000,41206400,29219100,48394200,32423700
2023-02-24,57053800,36585100,24990900,55469600,31295600
2023-02-27,47470300,27502300,21190000,44998500,22724300
2023-02-28,43959300,30142000,22491000,50547000,30546900
2023-03-01,52299500,31111200,27565300,55479000,26323900
2023-03-02,55509400,32204400,24808200,52238100,23328600
2023-03-03,55759600,35160100,30760100,70732300,30242500
2023-03-06,52112400,32639300,24109800,87558000,28288200
2023-03-07,49100700,27835500,21473200,56182000,24101500
2023-03-08,44899100,34103300,17340200,47204800,25395200
2023-03-09,56218700,28813500,26653400,53833600,24438900
2023-03-10,69827500,35941000,28333900,68572400,32850100
2023-03-13,72397100,37335600,33339700,84457100,31508600
2023-03-14,60912700,36050200,33620300,73695900,32303900
2023-03-15,70731800,50622100,46028000,77167900,38367300
2023-03-16,84446900,65492000,54768800,76161100,54499500
2023-03-17,87300200,61028500,69527400,98944600,76140300
2023-03-20,62388900,32960400,43466600,73641400,26033900
2023-03-21,58597300,42110300,34558700,73938300,33122800
2023-03-22,57475400,43427400,34873300,75701800,32336900
2023-03-23,57559300,40797800,36610900,67622100,31385800
2023-03-24,56095400,30393300,28172000,59196500,25236200
2023-03-27,46721300,31120900,26840200,52390300,25393400
2023-03-28,38720100,32057900,21878600,45992200,24913500
2023-03-29,49783300,28779600,25087000,51305700,26148300
2023-03-30,53633400,33086200,25053400,49501700,25009800
2023-03-31,56750300,36863400,32766000,68749800,28108000
2023-04-03,41135700,25035400,24883300,56976200,20719900
2023-04-04,48662500,24420100,25824300,46278300,20377200
2023-04-05,45175400,28290500,22064800,51511700,21864200
2023-04-06,43808000,48711500,29770300,45390100,34684200
2023-04-10,37261200,27067400,23103000,47716900,19741500
2023-04-11,60417800,26311800,27276600,47644200,18721300
2023-04-12,56735000,24370300,27403400,50133100,22761600
2023-04-13,67925100,24843600,24222700,68445600,21650700
2023-04-14,51450500,26578000,20987900,49386500,20758700
2023-04-17,39919500,37571200,23836200,41516200,29043400
2023-04-18,39790500,26596400,20161800,49923000,17641400
2023-04-19,58398900,20905700,17150300,47720200,16732000
2023-04-20,57696900,27820800,23244400,52456400,22515300
2023-04-21,86774200,25800100,21676400,58337300,22379000
2023-04-24,69575600,23542800,26611000,41949600,21410900
2023-04-25,65026800,46664100,45772200,48714100,31408100
2023-04-26,73803800,53347600,64599200,45498800,37068200
2023-04-27,149961200,50089200,46462600,64902300,38235200
2023-04-28,130565000,36139800,36446700,55209200,23957900
2023-05-01,74728100,26681700,21294100,52472900,20926300
2023-05-02,73469400,30997200,26404400,48425700,20343100
2023-05-03,65051900,21795400,22360800,65136000,17116300
2023-05-04,45345500,23419500,22519900,81235400,19780600
2023-05-05,56912900,26625100,28181200,113316400,20705300
2023-05-08,49430900,26511400,21318600,55962800,17266000
2023-05-09,44089400,36360100,21340800,45326900,24782400
2023-05-10,78627600,63153400,30078000,53724500,47533500
2023-05-11,74924800,78900000,31680200,49514700,57115100
2023-05-12,49810100,41073800,19758100,45497800,31272500
2023-05-15,53011100,36266800,16336500,37266700,22107900
2023-05-16,71472900,45035600,26730300,42110300,32370100
2023-05-17,65655200,33323600,24315000,57951600,26659600
2023-05-18,73174100,35234200,27276000,65496700,27014500
2023-05-19,54990200,41330300,27529500,55772400,30251300
2023-05-22,70741100,35253000,24115700,43570900,29760200
2023-05-23,67576300,34046300,30797200,50747300,24477900
2023-05-24,63487900,34182600,23384900,45143500,23087900
2023-05-25,66496700,42317000,43301700,56058300,33812700
2023-05-26,96779900,35635900,36630600,54835000,25154700
2023-05-30,64314800,35076700,29503100,55964400,27230700
2023-05-31,72800800,37325800,45950600,99625300,41548800
2023-06-01,54375100,30772700,26773900,68901800,25017700
2023-06-02,61215000,26963100,25864000,61945900,19362400
2023-06-05,47950100,32305500,21307100,121946500,22672500
2023-06-06,45695200,26638300,20396200,64848400,19450100
2023-06-07,95663300,52539000,40717100,61944600,34179300
2023-06-08,62159300,29389200,23277700,50214900,24815000
2023-06-09,51330000,23762500,22514900,48870700,20304500
2023-06-12,51338000,28306400,24260300,54274900,22255700
2023-06-13,50564800,22278300,22951300,54929100,19287700
2023-06-14,52422500,30592300,26003800,57462900,24659600
2023-06-15,60458500,35246300,38899100,65433200,24517100
2023-06-16,84188100,45514000,46533600,101235600,56686800
2023-06-20,56930100,26097500,26375400,49799100,22698000
2023-06-21,52137700,30306300,25117800,49515700,22612000
2023-06-22,90354600,26952200,23556800,51245300,20781900
2023-06-23,71855200,34885300,23084700,53079300,29542900
2023-06-26,59989300,33969900,21520600,48088700,23185000
2023-06-27,46801000,39535900,24354100,50730800,27221700
2023-06-28,52149500,27091400,20259500,51216800,19753100
2023-06-29,40761000,24090900,16997000,46347300,18517500
2023-06-30,54310500,29519700,26823800,85069600,23865800
2023-07-03,28264800,14467900,12508700,31458200,13888300
2023-07-05,35895400,27584800,18172400,46920300,17830300
2023-07-06,40639900,24745200,28161200,45094300,17732500
2023-07-07,41928700,21692600,21185300,46778000,20982400
2023-07-10,61889300,35315200,32791400,59922200,32960100
2023-07-11,49951500,23078800,26698200,46638100,18286600
2023-07-12,54022800,30404400,29995300,60750200,22059600
2023-07-13,61170900,44297900,20567200,41342300,31535900
2023-07-14,54388100,33266800,28302200,41573900,20482800
2023-07-17,48450200,25716200,20363900,50520200,20675300
2023-07-18,54969100,26226400,64872700,48353800,21071200
2023-07-19,54531000,37224000,39732900,80507300,22313800
2023-07-20,59820600,37906800,33778400,59581200,27541700
2023-07-21,133265000,72937900,69368900,71917800,56498100
2023-07-24,45591100,29686100,26678100,45377800,22276100
2023-07-25,39236700,52509600,41637700,37283200,31820800
2023-07-26,53910100,61682100,58383700,47471900,46216900
2023-07-27,52610700,44952100,39635300,47460200,35931600
2023-07-28,46317400,36591200,28484900,48291400,26971000
2023-07-31,41901500,28055500,25446000,38824100,18381900
2023-08-01,42098500,23166800,18311900,35175100,22154300
2023-08-02,51027600,26273300,27761300,50389300,22705800
2023-08-03,88585200,20089500,18253700,61235200,15018100
2023-08-04,152938700,26130000,23727700,115799700,20509500
2023-08-07,71213100,22746300,17741500,97576100,17621000
2023-08-08,51710500,23535200,22327600,67823000,16836000
2023-08-09,50017300,24912900,22373300,60378500,17745200
2023-08-10,58928400,20857800,20113700,54686900,17855700
2023-08-11,42832100,19569200,24342600,51988100,15191500
2023-08-14,47148700,24695600,18836100,43675600,17526200
2023-08-15,42781500,19770700,16966300,43622600,14769200
2023-08-16,41675900,25216100,20698900,46964900,17548400
2023-08-17,48354100,33446300,21257200,66062900,23665600
2023-08-18,48469400,30491300,24744800,61114200,23619400
2023-08-21,41442500,25248700,24040000,46311900,21851100
2023-08-22,32935100,22067500,16102000,42084200,15569400
2023-08-23,42801000,27819700,21166400,52722800,26497000
2023-08-24,43646300,28500700,23281400,54945800,18680400
2023-08-25,44147500,26762900,21684100,51449600,20678100
2023-08-28,34108400,20543300,14808500,43820700,16715500
2023-08-29,38646100,43075600,19284600,53003900,30803300
2023-08-30,36137000,28315800,15222100,60813900,21773400
2023-08-31,58781300,30053800,26411000,60794500,28147900
2023-09-01,40948300,21524600,14931200,45732600,16665700
2023-09-05,40636700,19403100,18553900,45280000,17730200
2023-09-06,41785500,18684500,17535800,81755800,15814300
2023-09-07,48498900,18844300,18381000,112488800,16976000
2023-09-08,38348200,23558300,19530100,65551300,17810700
2023-09-11,56764500,20763400,16583300,58953100,17180800
2023-09-12,42668500,18405500,17565500,90370200,15212900
2023-09-13,60465200,20749500,16544400,84267900,16394900
2023-09-14,64033600,24751000,20267000,60895800,19064600
2023-09-15,102861700,38908400,37666900,109205100,48947600
2023-09-18,42823500,21861300,16834200,67257600,16233600
2023-09-19,61482500,20353700,16505900,51826900,15479100
2023-09-20,46263700,29927500,21436500,58436200,21473500
2023-09-21,70234800,31488700,35529500,63047900,22042700
2023-09-22,59904300,26397300,21447900,56725400,17348700
2023-09-25,46017800,20094600,17836000,46172700,14650000
2023-09-26,73048200,25718700,26297600,64588900,20378800
2023-09-27,66553400,22746500,19410100,66921800,18764200
2023-09-28,54555000,22513100,19683600,56294400,18201400
2023-09-29,62377600,30848100,24140300,51814200,23224200
2023-10-02,48029700,22288000,20570000,52164500,19210400
2023-10-03,51565000,22989400,21033500,49594600,19628700
2023-10-04,44203900,26752300,20720100,53020300,22848000
2023-10-05,39660600,19832600,16965600,48527900,15922900
2023-10-06,46795900,27583200,25645500,57224100,20819300
2023-10-09,38773700,19278100,19891200,42390800,16599100
2023-10-10,42178600,27786600,20557100,43698000,19554900
2023-10-11,40741800,25884300,20063200,47551100,20146300
2023-10-12,55528600,24765500,19313100,56743100,18173100
2023-10-13,45786600,23420500,21072400,51427100,19438700
2023-10-16,42832900,28501900,22158000,52517000,17345600
2023-10-17,49344600,23515800,18338500,57549400,17424000
2023-10-18,42699500,23375000,23153600,54764400,18304900
2023-10-19,60961400,26066000,25052100,59302900,21831200
2023-10-20,56343300,26315200,25012600,64189300,24953900
2023-10-23,48260000,26317900,24374700,55980100,20780700
2023-10-24,46477400,44814300,31153600,43816600,26535200
2023-10-25,74577500,84366200,55053800,57157000,58796100
2023-10-26,100419500,57061100,37828500,70625300,33907400
2023-10-27,125309300,44566500,29856500,58499100,37367700
2023-10-30,72485500,28940100,22828100,51131000,24165600
2023-10-31,51589400,26292300,20265300,44846000,21123400
2023-11-01,61529400,30082400,28158800,56934900,26536600
2023-11-02,52236700,27124600,24348100,77334800,24091700
2023-11-03,44007200,26380100,23624000,79763700,19517900
2023-11-06,44970400,19052700,23828300,63841300,15360400
2023-11-07,53553500,29757300,25833900,70530000,19223800
2023-11-08,44521700,26425800,26767800,49340300,15093600
2023-11-09,36235400,23747800,24847300,53763500,17976500
2023-11-10,49287800,26913300,28042100,66133400,20872900
2023-11-13,35680600,18324800,19986500,43627500,16409900
2023-11-14,56674600,32395200,27683900,60108400,22317300
2023-11-15,63875700,23861500,26860100,53790500,15840900
2023-11-16,49653500,28013200,27182300,54412900,17615100
2023-11-17,49636700,37240600,40157000,50922700,25565300
2023-11-20,41951200,27815500,52465100,46505100,19569400
2023-11-21,71226000,22635300,28423100,38134500,17648100
2023-11-22,45669100,17813900,23345300,39617700,17306400
2023-11-24,22378400,12514300,10176600,24048300,8828600
2023-11-27,53762400,23436500,22179200,40552600,17886400
2023-11-28,42711700,18730000,20453100,38415400,17046900
2023-11-29,40610900,23967200,28963400,43014200,21014700
2023-11-30,65814000,38988300,30554400,48794400,29913500
2023-12-01,39924600,31431200,33020400,45679300,24258400
2023-12-04,48294200,36669900,32063300,43389500,24117100
2023-12-05,46822400,27384800,23065000,66628400,19235100
2023-12-06,39679000,23576200,21182100,41089700,16360600
2023-12-07,52352800,56767100,23118900,47477700,38419400
2023-12-08,41858000,32233900,20144800,53377300,22990900
2023-12-11,50907300,31138000,27708800,60943700,24502900
2023-12-12,44944300,29032800,24838300,52696900,26584000
2023-12-13,52766200,30104800,30955500,70404200,25414500
2023-12-14,58400800,38722400,43277500,66831600,29619100
2023-12-15,110039100,50815200,78478200,128256700,58569400
2023-12-18,62512800,32258000,21802900,55751900,25699800
2023-12-19,43171300,25476800,20603700,40714100,20661000
2023-12-20,50322100,49107200,26316700,52242800,33507300
2023-12-21,36305700,27488300,17708000,46482500,18101500
2023-12-22,29480100,26514600,17091100,37122800,18494700
2023-12-26,25067200,16780300,12673100,28919300,11170100
2023-12-27,31434700,19628600,14905400,48087700,17288400
2023-12-28,27057000,16045700,14327000,34049900,12192500
2023-12-29,39789000,18727200,18723000,42628800,14872700
2024-01-02,47339400,23711200,25258600,82488700,20071900
2024-01-03,49425500,24212100,23083500,58414500,18974300
2024-01-04,56039800,27137700,20901500,71983600,18253300
2024-01-05,45124800,22506000,20987000,62303300,15433200
2024-01-08,46757100,21404000,23134000,59144500,17645300
2024-01-09,43812600,24759600,20830000,42841800,19579700
2024-01-10,44421800,21320200,25514200,46792900,16641900
2024-01-11,49072700,24008700,27850800,49128400,17471100
2024-01-12,40460300,18768600,21645700,40444700,13995200
2024-01-16,41384600,22670500,27202300,65603000,19198900
2024-01-17,34953400,20968600,22234100,47317400,17884500
2024-01-18,37850200,25746400,23392100,78005800,18876800
2024-01-19,51033700,33300700,29272000,68741000,27170900
2024-01-22,43687500,32200400,27016900,60133900,21829200
2024-01-23,37986000,21636100,20525900,42355600,14113600
2024-01-24,48547300,25233500,24867000,53631300,19245000
2024-01-25,43638600,29149100,21021200,54822100,21495100
2024-01-26,51047400,26115500,17803300,44594000,19494500
2024-01-29,45270400,27784300,24510200,47145600,20909300
2024-01-30,45207400,36331800,33477600,55859400,26578900
2024-01-31,50284400,71910000,47871100,55467800,43908600
2024-02-01,76542400,40466500,30657700,64885400,25526900
2024-02-02,117154900,62470600,28245000,102518000,42116900
2024-02-05,55081300,38505400,25352300,69668800,29254400
2024-02-06,42505500,29128200,18382600,43490800,21517700
2024-02-07,47174100,25208900,22340500,53439000,21436100
2024-02-08,42316500,22563800,21225300,40962000,18241300
2024-02-09,56986000,26829500,22032800,45155200,21877700
2024-02-12,51050400,21564100,21202900,41781900,17236100
2024-02-13,56345100,27837700,27824900,56529500,18138500
2024-02-14,42815500,22704200,20401200,54630500,16651800
2024-02-15,49855200,37590700,21825500,65434500,26724300
2024-02-16,48074600,31451100,22281100,49701400,21849700
2024-02-20,41980300,25144700,24307900,53665600,18625600
2024-02-21,44575600,23315700,18631100,41529700,16499600
2024-02-22,55392400,27191900,27009900,52292200,23024700
2024-02-23,59715200,19493800,16295900,45119700,14519400
2024-02-26,44368600,53641800,16193500,40867400,33513000
2024-02-27,31141700,33099200,14835800,54318900,22364000
2024-02-28,28180500,37328600,13183100,48953900,30628700
2024-02-29,53805400,42133000,31947300,136682600,35485000
2024-03-01,31956200,31119500,17800300,73488000,28522000
2024-03-04,37381500,55999400,17596000,81510100,43571500
2024-03-05,37228300,40194800,26919200,95132400,28447600
2024-03-06,24463226,26738584,17293061,54555138,18459273
